model,time,time (min),time (h)
LGB,51183.12448334694,853.052074722449,14.217534578707482
Linear,21744.44561481476,362.4074269135793,6.040123781892988
Prophet,18034.062960863113,300.5677160143852,5.009461933573087
